content,sender_id,family_group,created_at,file_url,file_name,file_type,user_metadata
Messaggio di prova numero 1,f7b98e95-bd99-4609-a1a4-6f8e15389737,PATARINI,2025-01-01 00:00:00.000000+00,,,,
Messaggio di prova numero 2,f7b98e95-bd99-4609-a1a4-6f8e15389737,PATARINI,2025-01-01 00:10:00.000000+00,,,,
Messaggio di prova numero 3,1caabea0-3571-48c1-81d6-816830b3cd75,PATARINI,2025-01-01 00:20:00.000000+00,,,,
Messaggio di prova numero 4,f98c05e1-df2e-4eb2-815f-39317c57049b,PATARINI,2025-01-01 00:30:00.000000+00,,,,
Messaggio di prova numero 5,1caabea0-3571-48c1-81d6-816830b3cd75,PATARINI,2025-01-01 00:40:00.000000+00,,,,
Messaggio di prova numero 6,f7b98e95-bd99-4609-a1a4-6f8e15389737,PATARINI,2025-01-01 00:50:00.000000+00,,,,
Messaggio di prova numero 7,f4751bf5-cdc5-407e-a1c2-ec7da2de337e,PATARINI,2025-01-01 01:00:00.000000+00,,,,
Messaggio di prova numero 8,f4751bf5-cdc5-407e-a1c2-ec7da2de337e,PATARINI,2025-01-01 01:10:00.000000+00,,,,
Messaggio di prova numero 9,f4751bf5-cdc5-407e-a1c2-ec7da2de337e,PATARINI,2025-01-01 01:20:00.000000+00,,,,
Messaggio di prova numero 10,1caabea0-3571-48c1-81d6-816830b3cd75,PATARINI,2025-01-01 01:30:00.000000+00,,,,
Messaggio di prova numero 11,f7b98e95-bd99-4609-a1a4-6f8e15389737,PATARINI,2025-01-01 01:40:00.000000+00,,,,
Messaggio di prova numero 12,f98c05e1-df2e-4eb2-815f-39317c57049b,PATARINI,2025-01-01 01:50:00.000000+00,,,,
Messaggio di prova numero 13,1caabea0-3571-48c1-81d6-816830b3cd75,PATARINI,2025-01-01 02:00:00.000000+00,,,,
Messaggio di prova numero 14,f98c05e1-df2e-4eb2-815f-39317c57049b,PATARINI,2025-01-01 02:10:00.000000+00,,,,
Messaggio di prova numero 15,f4751bf5-cdc5-407e-a1c2-ec7da2de337e,PATARINI,2025-01-01 02:20:00.000000+00,,,,
Messaggio di prova numero 16,f7b98e95-bd99-4609-a1a4-6f8e15389737,PATARINI,2025-01-01 02:30:00.000000+00,,,,
Messaggio di prova numero 17,f98c05e1-df2e-4eb2-815f-39317c57049b,PATARINI,2025-01-01 02:40:00.000000+00,,,,
Messaggio di prova numero 18,f4751bf5-cdc5-407e-a1c2-ec7da2de337e,PATARINI,2025-01-01 02:50:00.000000+00,,,,
Messaggio di prova numero 19,f98c05e1-df2e-4eb2-815f-39317c57049b,PATARINI,2025-01-01 03:00:00.000000+00,,,,
Messaggio di prova numero 20,f4751bf5-cdc5-407e-a1c2-ec7da2de337e,PATARINI,2025-01-01 03:10:00.000000+00,,,,
Messaggio di prova numero 21,f7b98e95-bd99-4609-a1a4-6f8e15389737,PATARINI,2025-01-01 03:20:00.000000+00,,,,
Messaggio di prova numero 22,f4751bf5-cdc5-407e-a1c2-ec7da2de337e,PATARINI,2025-01-01 03:30:00.000000+00,,,,
Messaggio di prova numero 23,f98c05e1-df2e-4eb2-815f-39317c57049b,PATARINI,2025-01-01 03:40:00.000000+00,,,,
Messaggio di prova numero 24,1caabea0-3571-48c1-81d6-816830b3cd75,PATARINI,2025-01-01 03:50:00.000000+00,,,,
Messaggio di prova numero 25,f4751bf5-cdc5-407e-a1c2-ec7da2de337e,PATARINI,2025-01-01 04:00:00.000000+00,,,,
Messaggio di prova numero 26,f4751bf5-cdc5-407e-a1c2-ec7da2de337e,PATARINI,2025-01-01 04:10:00.000000+00,,,,
Messaggio di prova numero 27,f4751bf5-cdc5-407e-a1c2-ec7da2de337e,PATARINI,2025-01-01 04:20:00.000000+00,,,,
Messaggio di prova numero 28,f7b98e95-bd99-4609-a1a4-6f8e15389737,PATARINI,2025-01-01 04:30:00.000000+00,,,,
Messaggio di prova numero 29,f98c05e1-df2e-4eb2-815f-39317c57049b,PATARINI,2025-01-01 04:40:00.000000+00,,,,
Messaggio di prova numero 30,f4751bf5-cdc5-407e-a1c2-ec7da2de337e,PATARINI,2025-01-01 04:50:00.000000+00,,,,
Messaggio di prova numero 31,1caabea0-3571-48c1-81d6-816830b3cd75,PATARINI,2025-01-01 05:00:00.000000+00,,,,
Messaggio di prova numero 32,f7b98e95-bd99-4609-a1a4-6f8e15389737,PATARINI,2025-01-01 05:10:00.000000+00,,,,
Messaggio di prova numero 33,f7b98e95-bd99-4609-a1a4-6f8e15389737,PATARINI,2025-01-01 05:20:00.000000+00,,,,
Messaggio di prova numero 34,f4751bf5-cdc5-407e-a1c2-ec7da2de337e,PATARINI,2025-01-01 05:30:00.000000+00,,,,
Messaggio di prova numero 35,f98c05e1-df2e-4eb2-815f-39317c57049b,PATARINI,2025-01-01 05:40:00.000000+00,,,,
Messaggio di prova numero 36,f4751bf5-cdc5-407e-a1c2-ec7da2de337e,PATARINI,2025-01-01 05:50:00.000000+00,,,,
Messaggio di prova numero 37,1caabea0-3571-48c1-81d6-816830b3cd75,PATARINI,2025-01-01 06:00:00.000000+00,,,,
Messaggio di prova numero 38,f4751bf5-cdc5-407e-a1c2-ec7da2de337e,PATARINI,2025-01-01 06:10:00.000000+00,,,,
Messaggio di prova numero 39,f4751bf5-cdc5-407e-a1c2-ec7da2de337e,PATARINI,2025-01-01 06:20:00.000000+00,,,,
Messaggio di prova numero 40,f98c05e1-df2e-4eb2-815f-39317c57049b,PATARINI,2025-01-01 06:30:00.000000+00,,,,
Messaggio di prova numero 41,f98c05e1-df2e-4eb2-815f-39317c57049b,PATARINI,2025-01-01 06:40:00.000000+00,,,,
Messaggio di prova numero 42,f4751bf5-cdc5-407e-a1c2-ec7da2de337e,PATARINI,2025-01-01 06:50:00.000000+00,,,,
Messaggio di prova numero 43,f4751bf5-cdc5-407e-a1c2-ec7da2de337e,PATARINI,2025-01-01 07:00:00.000000+00,,,,
Messaggio di prova numero 44,f4751bf5-cdc5-407e-a1c2-ec7da2de337e,PATARINI,2025-01-01 07:10:00.000000+00,,,,
Messaggio di prova numero 45,f7b98e95-bd99-4609-a1a4-6f8e15389737,PATARINI,2025-01-01 07:20:00.000000+00,,,,
Messaggio di prova numero 46,f4751bf5-cdc5-407e-a1c2-ec7da2de337e,PATARINI,2025-01-01 07:30:00.000000+00,,,,
Messaggio di prova numero 47,1caabea0-3571-48c1-81d6-816830b3cd75,PATARINI,2025-01-01 07:40:00.000000+00,,,,
Messaggio di prova numero 48,f7b98e95-bd99-4609-a1a4-6f8e15389737,PATARINI,2025-01-01 07:50:00.000000+00,,,,
Messaggio di prova numero 49,f98c05e1-df2e-4eb2-815f-39317c57049b,PATARINI,2025-01-01 08:00:00.000000+00,,,,
Messaggio di prova numero 50,f7b98e95-bd99-4609-a1a4-6f8e15389737,PATARINI,2025-01-01 08:10:00.000000+00,,,,
Messaggio di prova numero 51,1caabea0-3571-48c1-81d6-816830b3cd75,PATARINI,2025-01-01 08:20:00.000000+00,,,,
Messaggio di prova numero 52,f98c05e1-df2e-4eb2-815f-39317c57049b,PATARINI,2025-01-01 08:30:00.000000+00,,,,
Messaggio di prova numero 53,f7b98e95-bd99-4609-a1a4-6f8e15389737,PATARINI,2025-01-01 08:40:00.000000+00,,,,
Messaggio di prova numero 54,f7b98e95-bd99-4609-a1a4-6f8e15389737,PATARINI,2025-01-01 08:50:00.000000+00,,,,
Messaggio di prova numero 55,f98c05e1-df2e-4eb2-815f-39317c57049b,PATARINI,2025-01-01 09:00:00.000000+00,,,,
Messaggio di prova numero 56,1caabea0-3571-48c1-81d6-816830b3cd75,PATARINI,2025-01-01 09:10:00.000000+00,,,,
Messaggio di prova numero 57,f98c05e1-df2e-4eb2-815f-39317c57049b,PATARINI,2025-01-01 09:20:00.000000+00,,,,
Messaggio di prova numero 58,f7b98e95-bd99-4609-a1a4-6f8e15389737,PATARINI,2025-01-01 09:30:00.000000+00,,,,
Messaggio di prova numero 59,f98c05e1-df2e-4eb2-815f-39317c57049b,PATARINI,2025-01-01 09:40:00.000000+00,,,,
Messaggio di prova numero 60,1caabea0-3571-48c1-81d6-816830b3cd75,PATARINI,2025-01-01 09:50:00.000000+00,,,,
Messaggio di prova numero 61,f98c05e1-df2e-4eb2-815f-39317c57049b,PATARINI,2025-01-01 10:00:00.000000+00,,,,
Messaggio di prova numero 62,f4751bf5-cdc5-407e-a1c2-ec7da2de337e,PATARINI,2025-01-01 10:10:00.000000+00,,,,
Messaggio di prova numero 63,f7b98e95-bd99-4609-a1a4-6f8e15389737,PATARINI,2025-01-01 10:20:00.000000+00,,,,
Messaggio di prova numero 64,f7b98e95-bd99-4609-a1a4-6f8e15389737,PATARINI,2025-01-01 10:30:00.000000+00,,,,
Messaggio di prova numero 65,f7b98e95-bd99-4609-a1a4-6f8e15389737,PATARINI,2025-01-01 10:40:00.000000+00,,,,
Messaggio di prova numero 66,f7b98e95-bd99-4609-a1a4-6f8e15389737,PATARINI,2025-01-01 10:50:00.000000+00,,,,
Messaggio di prova numero 67,f98c05e1-df2e-4eb2-815f-39317c57049b,PATARINI,2025-01-01 11:00:00.000000+00,,,,
Messaggio di prova numero 68,f4751bf5-cdc5-407e-a1c2-ec7da2de337e,PATARINI,2025-01-01 11:10:00.000000+00,,,,
Messaggio di prova numero 69,1caabea0-3571-48c1-81d6-816830b3cd75,PATARINI,2025-01-01 11:20:00.000000+00,,,,
Messaggio di prova numero 70,f7b98e95-bd99-4609-a1a4-6f8e15389737,PATARINI,2025-01-01 11:30:00.000000+00,,,,
Messaggio di prova numero 71,1caabea0-3571-48c1-81d6-816830b3cd75,PATARINI,2025-01-01 11:40:00.000000+00,,,,
Messaggio di prova numero 72,f4751bf5-cdc5-407e-a1c2-ec7da2de337e,PATARINI,2025-01-01 11:50:00.000000+00,,,,
Messaggio di prova numero 73,1caabea0-3571-48c1-81d6-816830b3cd75,PATARINI,2025-01-01 12:00:00.000000+00,,,,
Messaggio di prova numero 74,f98c05e1-df2e-4eb2-815f-39317c57049b,PATARINI,2025-01-01 12:10:00.000000+00,,,,
Messaggio di prova numero 75,f98c05e1-df2e-4eb2-815f-39317c57049b,PATARINI,2025-01-01 12:20:00.000000+00,,,,
Messaggio di prova numero 76,f4751bf5-cdc5-407e-a1c2-ec7da2de337e,PATARINI,2025-01-01 12:30:00.000000+00,,,,
Messaggio di prova numero 77,1caabea0-3571-48c1-81d6-816830b3cd75,PATARINI,2025-01-01 12:40:00.000000+00,,,,
Messaggio di prova numero 78,f4751bf5-cdc5-407e-a1c2-ec7da2de337e,PATARINI,2025-01-01 12:50:00.000000+00,,,,
Messaggio di prova numero 79,1caabea0-3571-48c1-81d6-816830b3cd75,PATARINI,2025-01-01 13:00:00.000000+00,,,,
Messaggio di prova numero 80,1caabea0-3571-48c1-81d6-816830b3cd75,PATARINI,2025-01-01 13:10:00.000000+00,,,,
Messaggio di prova numero 81,1caabea0-3571-48c1-81d6-816830b3cd75,PATARINI,2025-01-01 13:20:00.000000+00,,,,
Messaggio di prova numero 82,1caabea0-3571-48c1-81d6-816830b3cd75,PATARINI,2025-01-01 13:30:00.000000+00,,,,
Messaggio di prova numero 83,f7b98e95-bd99-4609-a1a4-6f8e15389737,PATARINI,2025-01-01 13:40:00.000000+00,,,,
Messaggio di prova numero 84,f7b98e95-bd99-4609-a1a4-6f8e15389737,PATARINI,2025-01-01 13:50:00.000000+00,,,,
Messaggio di prova numero 85,1caabea0-3571-48c1-81d6-816830b3cd75,PATARINI,2025-01-01 14:00:00.000000+00,,,,
Messaggio di prova numero 86,f4751bf5-cdc5-407e-a1c2-ec7da2de337e,PATARINI,2025-01-01 14:10:00.000000+00,,,,
Messaggio di prova numero 87,f98c05e1-df2e-4eb2-815f-39317c57049b,PATARINI,2025-01-01 14:20:00.000000+00,,,,
Messaggio di prova numero 88,f7b98e95-bd99-4609-a1a4-6f8e15389737,PATARINI,2025-01-01 14:30:00.000000+00,,,,
Messaggio di prova numero 89,f98c05e1-df2e-4eb2-815f-39317c57049b,PATARINI,2025-01-01 14:40:00.000000+00,,,,
Messaggio di prova numero 90,f7b98e95-bd99-4609-a1a4-6f8e15389737,PATARINI,2025-01-01 14:50:00.000000+00,,,,
Messaggio di prova numero 91,f4751bf5-cdc5-407e-a1c2-ec7da2de337e,PATARINI,2025-01-01 15:00:00.000000+00,,,,
Messaggio di prova numero 92,1caabea0-3571-48c1-81d6-816830b3cd75,PATARINI,2025-01-01 15:10:00.000000+00,,,,
Messaggio di prova numero 93,f7b98e95-bd99-4609-a1a4-6f8e15389737,PATARINI,2025-01-01 15:20:00.000000+00,,,,
Messaggio di prova numero 94,f7b98e95-bd99-4609-a1a4-6f8e15389737,PATARINI,2025-01-01 15:30:00.000000+00,,,,
Messaggio di prova numero 95,f7b98e95-bd99-4609-a1a4-6f8e15389737,PATARINI,2025-01-01 15:40:00.000000+00,,,,
Messaggio di prova numero 96,f4751bf5-cdc5-407e-a1c2-ec7da2de337e,PATARINI,2025-01-01 15:50:00.000000+00,,,,
Messaggio di prova numero 97,f98c05e1-df2e-4eb2-815f-39317c57049b,PATARINI,2025-01-01 16:00:00.000000+00,,,,
Messaggio di prova numero 98,1caabea0-3571-48c1-81d6-816830b3cd75,PATARINI,2025-01-01 16:10:00.000000+00,,,,
Messaggio di prova numero 99,f4751bf5-cdc5-407e-a1c2-ec7da2de337e,PATARINI,2025-01-01 16:20:00.000000+00,,,,
Messaggio di prova numero 100,f7b98e95-bd99-4609-a1a4-6f8e15389737,PATARINI,2025-01-01 16:30:00.000000+00,,,,
Messaggio di prova numero 101,f98c05e1-df2e-4eb2-815f-39317c57049b,PATARINI,2025-01-01 16:40:00.000000+00,,,,
Messaggio di prova numero 102,f98c05e1-df2e-4eb2-815f-39317c57049b,PATARINI,2025-01-01 16:50:00.000000+00,,,,
Messaggio di prova numero 103,f4751bf5-cdc5-407e-a1c2-ec7da2de337e,PATARINI,2025-01-01 17:00:00.000000+00,,,,
Messaggio di prova numero 104,1caabea0-3571-48c1-81d6-816830b3cd75,PATARINI,2025-01-01 17:10:00.000000+00,,,,
Messaggio di prova numero 105,f98c05e1-df2e-4eb2-815f-39317c57049b,PATARINI,2025-01-01 17:20:00.000000+00,,,,
Messaggio di prova numero 106,f98c05e1-df2e-4eb2-815f-39317c57049b,PATARINI,2025-01-01 17:30:00.000000+00,,,,
Messaggio di prova numero 107,f4751bf5-cdc5-407e-a1c2-ec7da2de337e,PATARINI,2025-01-01 17:40:00.000000+00,,,,
Messaggio di prova numero 108,1caabea0-3571-48c1-81d6-816830b3cd75,PATARINI,2025-01-01 17:50:00.000000+00,,,,
Messaggio di prova numero 109,f98c05e1-df2e-4eb2-815f-39317c57049b,PATARINI,2025-01-01 18:00:00.000000+00,,,,
Messaggio di prova numero 110,f4751bf5-cdc5-407e-a1c2-ec7da2de337e,PATARINI,2025-01-01 18:10:00.000000+00,,,,
Messaggio di prova numero 111,1caabea0-3571-48c1-81d6-816830b3cd75,PATARINI,2025-01-01 18:20:00.000000+00,,,,
Messaggio di prova numero 112,1caabea0-3571-48c1-81d6-816830b3cd75,PATARINI,2025-01-01 18:30:00.000000+00,,,,
Messaggio di prova numero 113,1caabea0-3571-48c1-81d6-816830b3cd75,PATARINI,2025-01-01 18:40:00.000000+00,,,,
Messaggio di prova numero 114,f7b98e95-bd99-4609-a1a4-6f8e15389737,PATARINI,2025-01-01 18:50:00.000000+00,,,,
Messaggio di prova numero 115,f7b98e95-bd99-4609-a1a4-6f8e15389737,PATARINI,2025-01-01 19:00:00.000000+00,,,,
Messaggio di prova numero 116,f4751bf5-cdc5-407e-a1c2-ec7da2de337e,PATARINI,2025-01-01 19:10:00.000000+00,,,,
Messaggio di prova numero 117,f98c05e1-df2e-4eb2-815f-39317c57049b,PATARINI,2025-01-01 19:20:00.000000+00,,,,
Messaggio di prova numero 118,f4751bf5-cdc5-407e-a1c2-ec7da2de337e,PATARINI,2025-01-01 19:30:00.000000+00,,,,
Messaggio di prova numero 119,f7b98e95-bd99-4609-a1a4-6f8e15389737,PATARINI,2025-01-01 19:40:00.000000+00,,,,
Messaggio di prova numero 120,1caabea0-3571-48c1-81d6-816830b3cd75,PATARINI,2025-01-01 19:50:00.000000+00,,,,
Messaggio di prova numero 121,f7b98e95-bd99-4609-a1a4-6f8e15389737,PATARINI,2025-01-01 20:00:00.000000+00,,,,
Messaggio di prova numero 122,f7b98e95-bd99-4609-a1a4-6f8e15389737,PATARINI,2025-01-01 20:10:00.000000+00,,,,
Messaggio di prova numero 123,f4751bf5-cdc5-407e-a1c2-ec7da2de337e,PATARINI,2025-01-01 20:20:00.000000+00,,,,
Messaggio di prova numero 124,f7b98e95-bd99-4609-a1a4-6f8e15389737,PATARINI,2025-01-01 20:30:00.000000+00,,,,
Messaggio di prova numero 125,f4751bf5-cdc5-407e-a1c2-ec7da2de337e,PATARINI,2025-01-01 20:40:00.000000+00,,,,
Messaggio di prova numero 126,f7b98e95-bd99-4609-a1a4-6f8e15389737,PATARINI,2025-01-01 20:50:00.000000+00,,,,
Messaggio di prova numero 127,f4751bf5-cdc5-407e-a1c2-ec7da2de337e,PATARINI,2025-01-01 21:00:00.000000+00,,,,
Messaggio di prova numero 128,f7b98e95-bd99-4609-a1a4-6f8e15389737,PATARINI,2025-01-01 21:10:00.000000+00,,,,
Messaggio di prova numero 129,f4751bf5-cdc5-407e-a1c2-ec7da2de337e,PATARINI,2025-01-01 21:20:00.000000+00,,,,
Messaggio di prova numero 130,f98c05e1-df2e-4eb2-815f-39317c57049b,PATARINI,2025-01-01 21:30:00.000000+00,,,,
Messaggio di prova numero 131,f4751bf5-cdc5-407e-a1c2-ec7da2de337e,PATARINI,2025-01-01 21:40:00.000000+00,,,,
Messaggio di prova numero 132,1caabea0-3571-48c1-81d6-816830b3cd75,PATARINI,2025-01-01 21:50:00.000000+00,,,,
Messaggio di prova numero 133,f4751bf5-cdc5-407e-a1c2-ec7da2de337e,PATARINI,2025-01-01 22:00:00.000000+00,,,,
Messaggio di prova numero 134,f7b98e95-bd99-4609-a1a4-6f8e15389737,PATARINI,2025-01-01 22:10:00.000000+00,,,,
Messaggio di prova numero 135,f4751bf5-cdc5-407e-a1c2-ec7da2de337e,PATARINI,2025-01-01 22:20:00.000000+00,,,,
Messaggio di prova numero 136,1caabea0-3571-48c1-81d6-816830b3cd75,PATARINI,2025-01-01 22:30:00.000000+00,,,,
Messaggio di prova numero 137,f4751bf5-cdc5-407e-a1c2-ec7da2de337e,PATARINI,2025-01-01 22:40:00.000000+00,,,,
Messaggio di prova numero 138,f98c05e1-df2e-4eb2-815f-39317c57049b,PATARINI,2025-01-01 22:50:00.000000+00,,,,
Messaggio di prova numero 139,f7b98e95-bd99-4609-a1a4-6f8e15389737,PATARINI,2025-01-01 23:00:00.000000+00,,,,
Messaggio di prova numero 140,f7b98e95-bd99-4609-a1a4-6f8e15389737,PATARINI,2025-01-01 23:10:00.000000+00,,,,
Messaggio di prova numero 141,1caabea0-3571-48c1-81d6-816830b3cd75,PATARINI,2025-01-01 23:20:00.000000+00,,,,
Messaggio di prova numero 142,f7b98e95-bd99-4609-a1a4-6f8e15389737,PATARINI,2025-01-01 23:30:00.000000+00,,,,
Messaggio di prova numero 143,f7b98e95-bd99-4609-a1a4-6f8e15389737,PATARINI,2025-01-01 23:40:00.000000+00,,,,
Messaggio di prova numero 144,f4751bf5-cdc5-407e-a1c2-ec7da2de337e,PATARINI,2025-01-01 23:50:00.000000+00,,,,
Messaggio di prova numero 145,f7b98e95-bd99-4609-a1a4-6f8e15389737,PATARINI,2025-01-02 00:00:00.000000+00,,,,
Messaggio di prova numero 146,1caabea0-3571-48c1-81d6-816830b3cd75,PATARINI,2025-01-02 00:10:00.000000+00,,,,
Messaggio di prova numero 147,f98c05e1-df2e-4eb2-815f-39317c57049b,PATARINI,2025-01-02 00:20:00.000000+00,,,,
Messaggio di prova numero 148,f7b98e95-bd99-4609-a1a4-6f8e15389737,PATARINI,2025-01-02 00:30:00.000000+00,,,,
Messaggio di prova numero 149,f7b98e95-bd99-4609-a1a4-6f8e15389737,PATARINI,2025-01-02 00:40:00.000000+00,,,,
Messaggio di prova numero 150,f4751bf5-cdc5-407e-a1c2-ec7da2de337e,PATARINI,2025-01-02 00:50:00.000000+00,,,,
Messaggio di prova numero 151,1caabea0-3571-48c1-81d6-816830b3cd75,PATARINI,2025-01-02 01:00:00.000000+00,,,,
Messaggio di prova numero 152,f7b98e95-bd99-4609-a1a4-6f8e15389737,PATARINI,2025-01-02 01:10:00.000000+00,,,,
Messaggio di prova numero 153,f98c05e1-df2e-4eb2-815f-39317c57049b,PATARINI,2025-01-02 01:20:00.000000+00,,,,
Messaggio di prova numero 154,f4751bf5-cdc5-407e-a1c2-ec7da2de337e,PATARINI,2025-01-02 01:30:00.000000+00,,,,
Messaggio di prova numero 155,1caabea0-3571-48c1-81d6-816830b3cd75,PATARINI,2025-01-02 01:40:00.000000+00,,,,
Messaggio di prova numero 156,f98c05e1-df2e-4eb2-815f-39317c57049b,PATARINI,2025-01-02 01:50:00.000000+00,,,,
Messaggio di prova numero 157,1caabea0-3571-48c1-81d6-816830b3cd75,PATARINI,2025-01-02 02:00:00.000000+00,,,,
Messaggio di prova numero 158,f7b98e95-bd99-4609-a1a4-6f8e15389737,PATARINI,2025-01-02 02:10:00.000000+00,,,,
Messaggio di prova numero 159,f4751bf5-cdc5-407e-a1c2-ec7da2de337e,PATARINI,2025-01-02 02:20:00.000000+00,,,,
Messaggio di prova numero 160,f7b98e95-bd99-4609-a1a4-6f8e15389737,PATARINI,2025-01-02 02:30:00.000000+00,,,,
Messaggio di prova numero 161,f98c05e1-df2e-4eb2-815f-39317c57049b,PATARINI,2025-01-02 02:40:00.000000+00,,,,
Messaggio di prova numero 162,f98c05e1-df2e-4eb2-815f-39317c57049b,PATARINI,2025-01-02 02:50:00.000000+00,,,,
Messaggio di prova numero 163,f7b98e95-bd99-4609-a1a4-6f8e15389737,PATARINI,2025-01-02 03:00:00.000000+00,,,,
Messaggio di prova numero 164,f7b98e95-bd99-4609-a1a4-6f8e15389737,PATARINI,2025-01-02 03:10:00.000000+00,,,,
Messaggio di prova numero 165,f4751bf5-cdc5-407e-a1c2-ec7da2de337e,PATARINI,2025-01-02 03:20:00.000000+00,,,,
Messaggio di prova numero 166,f7b98e95-bd99-4609-a1a4-6f8e15389737,PATARINI,2025-01-02 03:30:00.000000+00,,,,
Messaggio di prova numero 167,f7b98e95-bd99-4609-a1a4-6f8e15389737,PATARINI,2025-01-02 03:40:00.000000+00,,,,
Messaggio di prova numero 168,f7b98e95-bd99-4609-a1a4-6f8e15389737,PATARINI,2025-01-02 03:50:00.000000+00,,,,
Messaggio di prova numero 169,f98c05e1-df2e-4eb2-815f-39317c57049b,PATARINI,2025-01-02 04:00:00.000000+00,,,,
Messaggio di prova numero 170,f4751bf5-cdc5-407e-a1c2-ec7da2de337e,PATARINI,2025-01-02 04:10:00.000000+00,,,,
Messaggio di prova numero 171,f4751bf5-cdc5-407e-a1c2-ec7da2de337e,PATARINI,2025-01-02 04:20:00.000000+00,,,,
Messaggio di prova numero 172,f4751bf5-cdc5-407e-a1c2-ec7da2de337e,PATARINI,2025-01-02 04:30:00.000000+00,,,,
Messaggio di prova numero 173,f98c05e1-df2e-4eb2-815f-39317c57049b,PATARINI,2025-01-02 04:40:00.000000+00,,,,
Messaggio di prova numero 174,f7b98e95-bd99-4609-a1a4-6f8e15389737,PATARINI,2025-01-02 04:50:00.000000+00,,,,
Messaggio di prova numero 175,1caabea0-3571-48c1-81d6-816830b3cd75,PATARINI,2025-01-02 05:00:00.000000+00,,,,
Messaggio di prova numero 176,f7b98e95-bd99-4609-a1a4-6f8e15389737,PATARINI,2025-01-02 05:10:00.000000+00,,,,
Messaggio di prova numero 177,1caabea0-3571-48c1-81d6-816830b3cd75,PATARINI,2025-01-02 05:20:00.000000+00,,,,
Messaggio di prova numero 178,f4751bf5-cdc5-407e-a1c2-ec7da2de337e,PATARINI,2025-01-02 05:30:00.000000+00,,,,
Messaggio di prova numero 179,f98c05e1-df2e-4eb2-815f-39317c57049b,PATARINI,2025-01-02 05:40:00.000000+00,,,,
Messaggio di prova numero 180,f7b98e95-bd99-4609-a1a4-6f8e15389737,PATARINI,2025-01-02 05:50:00.000000+00,,,,
Messaggio di prova numero 181,f4751bf5-cdc5-407e-a1c2-ec7da2de337e,PATARINI,2025-01-02 06:00:00.000000+00,,,,
Messaggio di prova numero 182,1caabea0-3571-48c1-81d6-816830b3cd75,PATARINI,2025-01-02 06:10:00.000000+00,,,,
Messaggio di prova numero 183,f98c05e1-df2e-4eb2-815f-39317c57049b,PATARINI,2025-01-02 06:20:00.000000+00,,,,
Messaggio di prova numero 184,f98c05e1-df2e-4eb2-815f-39317c57049b,PATARINI,2025-01-02 06:30:00.000000+00,,,,
Messaggio di prova numero 185,f7b98e95-bd99-4609-a1a4-6f8e15389737,PATARINI,2025-01-02 06:40:00.000000+00,,,,
Messaggio di prova numero 186,f98c05e1-df2e-4eb2-815f-39317c57049b,PATARINI,2025-01-02 06:50:00.000000+00,,,,
Messaggio di prova numero 187,f7b98e95-bd99-4609-a1a4-6f8e15389737,PATARINI,2025-01-02 07:00:00.000000+00,,,,
Messaggio di prova numero 188,f98c05e1-df2e-4eb2-815f-39317c57049b,PATARINI,2025-01-02 07:10:00.000000+00,,,,
Messaggio di prova numero 189,f7b98e95-bd99-4609-a1a4-6f8e15389737,PATARINI,2025-01-02 07:20:00.000000+00,,,,
Messaggio di prova numero 190,1caabea0-3571-48c1-81d6-816830b3cd75,PATARINI,2025-01-02 07:30:00.000000+00,,,,
Messaggio di prova numero 191,1caabea0-3571-48c1-81d6-816830b3cd75,PATARINI,2025-01-02 07:40:00.000000+00,,,,
Messaggio di prova numero 192,f4751bf5-cdc5-407e-a1c2-ec7da2de337e,PATARINI,2025-01-02 07:50:00.000000+00,,,,
Messaggio di prova numero 193,f98c05e1-df2e-4eb2-815f-39317c57049b,PATARINI,2025-01-02 08:00:00.000000+00,,,,
Messaggio di prova numero 194,f7b98e95-bd99-4609-a1a4-6f8e15389737,PATARINI,2025-01-02 08:10:00.000000+00,,,,
Messaggio di prova numero 195,1caabea0-3571-48c1-81d6-816830b3cd75,PATARINI,2025-01-02 08:20:00.000000+00,,,,
Messaggio di prova numero 196,f4751bf5-cdc5-407e-a1c2-ec7da2de337e,PATARINI,2025-01-02 08:30:00.000000+00,,,,
Messaggio di prova numero 197,f7b98e95-bd99-4609-a1a4-6f8e15389737,PATARINI,2025-01-02 08:40:00.000000+00,,,,
Messaggio di prova numero 198,f98c05e1-df2e-4eb2-815f-39317c57049b,PATARINI,2025-01-02 08:50:00.000000+00,,,,
Messaggio di prova numero 199,f98c05e1-df2e-4eb2-815f-39317c57049b,PATARINI,2025-01-02 09:00:00.000000+00,,,,
Messaggio di prova numero 200,1caabea0-3571-48c1-81d6-816830b3cd75,PATARINI,2025-01-02 09:10:00.000000+00,,,,
Messaggio di prova numero 201,f4751bf5-cdc5-407e-a1c2-ec7da2de337e,PATARINI,2025-01-02 09:20:00.000000+00,,,,
Messaggio di prova numero 202,f4751bf5-cdc5-407e-a1c2-ec7da2de337e,PATARINI,2025-01-02 09:30:00.000000+00,,,,
Messaggio di prova numero 203,f98c05e1-df2e-4eb2-815f-39317c57049b,PATARINI,2025-01-02 09:40:00.000000+00,,,,
Messaggio di prova numero 204,f98c05e1-df2e-4eb2-815f-39317c57049b,PATARINI,2025-01-02 09:50:00.000000+00,,,,
Messaggio di prova numero 205,f4751bf5-cdc5-407e-a1c2-ec7da2de337e,PATARINI,2025-01-02 10:00:00.000000+00,,,,
Messaggio di prova numero 206,f4751bf5-cdc5-407e-a1c2-ec7da2de337e,PATARINI,2025-01-02 10:10:00.000000+00,,,,
Messaggio di prova numero 207,f7b98e95-bd99-4609-a1a4-6f8e15389737,PATARINI,2025-01-02 10:20:00.000000+00,,,,
Messaggio di prova numero 208,f98c05e1-df2e-4eb2-815f-39317c57049b,PATARINI,2025-01-02 10:30:00.000000+00,,,,
Messaggio di prova numero 209,f98c05e1-df2e-4eb2-815f-39317c57049b,PATARINI,2025-01-02 10:40:00.000000+00,,,,
Messaggio di prova numero 210,1caabea0-3571-48c1-81d6-816830b3cd75,PATARINI,2025-01-02 10:50:00.000000+00,,,,
Messaggio di prova numero 211,f4751bf5-cdc5-407e-a1c2-ec7da2de337e,PATARINI,2025-01-02 11:00:00.000000+00,,,,
Messaggio di prova numero 212,f4751bf5-cdc5-407e-a1c2-ec7da2de337e,PATARINI,2025-01-02 11:10:00.000000+00,,,,
Messaggio di prova numero 213,f7b98e95-bd99-4609-a1a4-6f8e15389737,PATARINI,2025-01-02 11:20:00.000000+00,,,,
Messaggio di prova numero 214,1caabea0-3571-48c1-81d6-816830b3cd75,PATARINI,2025-01-02 11:30:00.000000+00,,,,
Messaggio di prova numero 215,f4751bf5-cdc5-407e-a1c2-ec7da2de337e,PATARINI,2025-01-02 11:40:00.000000+00,,,,
Messaggio di prova numero 216,f98c05e1-df2e-4eb2-815f-39317c57049b,PATARINI,2025-01-02 11:50:00.000000+00,,,,
Messaggio di prova numero 217,f98c05e1-df2e-4eb2-815f-39317c57049b,PATARINI,2025-01-02 12:00:00.000000+00,,,,
Messaggio di prova numero 218,f7b98e95-bd99-4609-a1a4-6f8e15389737,PATARINI,2025-01-02 12:10:00.000000+00,,,,
Messaggio di prova numero 219,f4751bf5-cdc5-407e-a1c2-ec7da2de337e,PATARINI,2025-01-02 12:20:00.000000+00,,,,
Messaggio di prova numero 220,f4751bf5-cdc5-407e-a1c2-ec7da2de337e,PATARINI,2025-01-02 12:30:00.000000+00,,,,
Messaggio di prova numero 221,f4751bf5-cdc5-407e-a1c2-ec7da2de337e,PATARINI,2025-01-02 12:40:00.000000+00,,,,
Messaggio di prova numero 222,f4751bf5-cdc5-407e-a1c2-ec7da2de337e,PATARINI,2025-01-02 12:50:00.000000+00,,,,
Messaggio di prova numero 223,f4751bf5-cdc5-407e-a1c2-ec7da2de337e,PATARINI,2025-01-02 13:00:00.000000+00,,,,
Messaggio di prova numero 224,f7b98e95-bd99-4609-a1a4-6f8e15389737,PATARINI,2025-01-02 13:10:00.000000+00,,,,
Messaggio di prova numero 225,f7b98e95-bd99-4609-a1a4-6f8e15389737,PATARINI,2025-01-02 13:20:00.000000+00,,,,
Messaggio di prova numero 226,1caabea0-3571-48c1-81d6-816830b3cd75,PATARINI,2025-01-02 13:30:00.000000+00,,,,
Messaggio di prova numero 227,f98c05e1-df2e-4eb2-815f-39317c57049b,PATARINI,2025-01-02 13:40:00.000000+00,,,,
Messaggio di prova numero 228,f7b98e95-bd99-4609-a1a4-6f8e15389737,PATARINI,2025-01-02 13:50:00.000000+00,,,,
Messaggio di prova numero 229,1caabea0-3571-48c1-81d6-816830b3cd75,PATARINI,2025-01-02 14:00:00.000000+00,,,,
Messaggio di prova numero 230,f98c05e1-df2e-4eb2-815f-39317c57049b,PATARINI,2025-01-02 14:10:00.000000+00,,,,
Messaggio di prova numero 231,f98c05e1-df2e-4eb2-815f-39317c57049b,PATARINI,2025-01-02 14:20:00.000000+00,,,,
Messaggio di prova numero 232,1caabea0-3571-48c1-81d6-816830b3cd75,PATARINI,2025-01-02 14:30:00.000000+00,,,,
Messaggio di prova numero 233,f4751bf5-cdc5-407e-a1c2-ec7da2de337e,PATARINI,2025-01-02 14:40:00.000000+00,,,,
Messaggio di prova numero 234,f7b98e95-bd99-4609-a1a4-6f8e15389737,PATARINI,2025-01-02 14:50:00.000000+00,,,,
Messaggio di prova numero 235,f4751bf5-cdc5-407e-a1c2-ec7da2de337e,PATARINI,2025-01-02 15:00:00.000000+00,,,,
Messaggio di prova numero 236,1caabea0-3571-48c1-81d6-816830b3cd75,PATARINI,2025-01-02 15:10:00.000000+00,,,,
Messaggio di prova numero 237,1caabea0-3571-48c1-81d6-816830b3cd75,PATARINI,2025-01-02 15:20:00.000000+00,,,,
Messaggio di prova numero 238,f4751bf5-cdc5-407e-a1c2-ec7da2de337e,PATARINI,2025-01-02 15:30:00.000000+00,,,,
Messaggio di prova numero 239,f7b98e95-bd99-4609-a1a4-6f8e15389737,PATARINI,2025-01-02 15:40:00.000000+00,,,,
Messaggio di prova numero 240,f4751bf5-cdc5-407e-a1c2-ec7da2de337e,PATARINI,2025-01-02 15:50:00.000000+00,,,,
Messaggio di prova numero 241,1caabea0-3571-48c1-81d6-816830b3cd75,PATARINI,2025-01-02 16:00:00.000000+00,,,,
Messaggio di prova numero 242,f7b98e95-bd99-4609-a1a4-6f8e15389737,PATARINI,2025-01-02 16:10:00.000000+00,,,,
Messaggio di prova numero 243,1caabea0-3571-48c1-81d6-816830b3cd75,PATARINI,2025-01-02 16:20:00.000000+00,,,,
Messaggio di prova numero 244,f7b98e95-bd99-4609-a1a4-6f8e15389737,PATARINI,2025-01-02 16:30:00.000000+00,,,,
Messaggio di prova numero 245,f98c05e1-df2e-4eb2-815f-39317c57049b,PATARINI,2025-01-02 16:40:00.000000+00,,,,
Messaggio di prova numero 246,1caabea0-3571-48c1-81d6-816830b3cd75,PATARINI,2025-01-02 16:50:00.000000+00,,,,
Messaggio di prova numero 247,f7b98e95-bd99-4609-a1a4-6f8e15389737,PATARINI,2025-01-02 17:00:00.000000+00,,,,
Messaggio di prova numero 248,1caabea0-3571-48c1-81d6-816830b3cd75,PATARINI,2025-01-02 17:10:00.000000+00,,,,
Messaggio di prova numero 249,1caabea0-3571-48c1-81d6-816830b3cd75,PATARINI,2025-01-02 17:20:00.000000+00,,,,
Messaggio di prova numero 250,f7b98e95-bd99-4609-a1a4-6f8e15389737,PATARINI,2025-01-02 17:30:00.000000+00,,,,
Messaggio di prova numero 251,1caabea0-3571-48c1-81d6-816830b3cd75,PATARINI,2025-01-02 17:40:00.000000+00,,,,
Messaggio di prova numero 252,f98c05e1-df2e-4eb2-815f-39317c57049b,PATARINI,2025-01-02 17:50:00.000000+00,,,,
Messaggio di prova numero 253,f4751bf5-cdc5-407e-a1c2-ec7da2de337e,PATARINI,2025-01-02 18:00:00.000000+00,,,,
Messaggio di prova numero 254,f7b98e95-bd99-4609-a1a4-6f8e15389737,PATARINI,2025-01-02 18:10:00.000000+00,,,,
Messaggio di prova numero 255,1caabea0-3571-48c1-81d6-816830b3cd75,PATARINI,2025-01-02 18:20:00.000000+00,,,,
Messaggio di prova numero 256,f98c05e1-df2e-4eb2-815f-39317c57049b,PATARINI,2025-01-02 18:30:00.000000+00,,,,
Messaggio di prova numero 257,1caabea0-3571-48c1-81d6-816830b3cd75,PATARINI,2025-01-02 18:40:00.000000+00,,,,
Messaggio di prova numero 258,f98c05e1-df2e-4eb2-815f-39317c57049b,PATARINI,2025-01-02 18:50:00.000000+00,,,,
Messaggio di prova numero 259,f4751bf5-cdc5-407e-a1c2-ec7da2de337e,PATARINI,2025-01-02 19:00:00.000000+00,,,,
Messaggio di prova numero 260,1caabea0-3571-48c1-81d6-816830b3cd75,PATARINI,2025-01-02 19:10:00.000000+00,,,,
Messaggio di prova numero 261,f4751bf5-cdc5-407e-a1c2-ec7da2de337e,PATARINI,2025-01-02 19:20:00.000000+00,,,,
Messaggio di prova numero 262,f4751bf5-cdc5-407e-a1c2-ec7da2de337e,PATARINI,2025-01-02 19:30:00.000000+00,,,,
Messaggio di prova numero 263,f4751bf5-cdc5-407e-a1c2-ec7da2de337e,PATARINI,2025-01-02 19:40:00.000000+00,,,,
Messaggio di prova numero 264,1caabea0-3571-48c1-81d6-816830b3cd75,PATARINI,2025-01-02 19:50:00.000000+00,,,,
Messaggio di prova numero 265,f98c05e1-df2e-4eb2-815f-39317c57049b,PATARINI,2025-01-02 20:00:00.000000+00,,,,
Messaggio di prova numero 266,f98c05e1-df2e-4eb2-815f-39317c57049b,PATARINI,2025-01-02 20:10:00.000000+00,,,,
Messaggio di prova numero 267,f4751bf5-cdc5-407e-a1c2-ec7da2de337e,PATARINI,2025-01-02 20:20:00.000000+00,,,,
Messaggio di prova numero 268,f7b98e95-bd99-4609-a1a4-6f8e15389737,PATARINI,2025-01-02 20:30:00.000000+00,,,,
Messaggio di prova numero 269,1caabea0-3571-48c1-81d6-816830b3cd75,PATARINI,2025-01-02 20:40:00.000000+00,,,,
Messaggio di prova numero 270,f4751bf5-cdc5-407e-a1c2-ec7da2de337e,PATARINI,2025-01-02 20:50:00.000000+00,,,,
Messaggio di prova numero 271,f7b98e95-bd99-4609-a1a4-6f8e15389737,PATARINI,2025-01-02 21:00:00.000000+00,,,,
Messaggio di prova numero 272,f4751bf5-cdc5-407e-a1c2-ec7da2de337e,PATARINI,2025-01-02 21:10:00.000000+00,,,,
Messaggio di prova numero 273,f7b98e95-bd99-4609-a1a4-6f8e15389737,PATARINI,2025-01-02 21:20:00.000000+00,,,,
Messaggio di prova numero 274,f7b98e95-bd99-4609-a1a4-6f8e15389737,PATARINI,2025-01-02 21:30:00.000000+00,,,,
Messaggio di prova numero 275,1caabea0-3571-48c1-81d6-816830b3cd75,PATARINI,2025-01-02 21:40:00.000000+00,,,,
Messaggio di prova numero 276,f7b98e95-bd99-4609-a1a4-6f8e15389737,PATARINI,2025-01-02 21:50:00.000000+00,,,,
Messaggio di prova numero 277,1caabea0-3571-48c1-81d6-816830b3cd75,PATARINI,2025-01-02 22:00:00.000000+00,,,,
Messaggio di prova numero 278,f98c05e1-df2e-4eb2-815f-39317c57049b,PATARINI,2025-01-02 22:10:00.000000+00,,,,
Messaggio di prova numero 279,f4751bf5-cdc5-407e-a1c2-ec7da2de337e,PATARINI,2025-01-02 22:20:00.000000+00,,,,
Messaggio di prova numero 280,f4751bf5-cdc5-407e-a1c2-ec7da2de337e,PATARINI,2025-01-02 22:30:00.000000+00,,,,
Messaggio di prova numero 281,1caabea0-3571-48c1-81d6-816830b3cd75,PATARINI,2025-01-02 22:40:00.000000+00,,,,
Messaggio di prova numero 282,f7b98e95-bd99-4609-a1a4-6f8e15389737,PATARINI,2025-01-02 22:50:00.000000+00,,,,
Messaggio di prova numero 283,1caabea0-3571-48c1-81d6-816830b3cd75,PATARINI,2025-01-02 23:00:00.000000+00,,,,
Messaggio di prova numero 284,f98c05e1-df2e-4eb2-815f-39317c57049b,PATARINI,2025-01-02 23:10:00.000000+00,,,,
Messaggio di prova numero 285,1caabea0-3571-48c1-81d6-816830b3cd75,PATARINI,2025-01-02 23:20:00.000000+00,,,,
Messaggio di prova numero 286,f7b98e95-bd99-4609-a1a4-6f8e15389737,PATARINI,2025-01-02 23:30:00.000000+00,,,,
Messaggio di prova numero 287,f4751bf5-cdc5-407e-a1c2-ec7da2de337e,PATARINI,2025-01-02 23:40:00.000000+00,,,,
Messaggio di prova numero 288,f7b98e95-bd99-4609-a1a4-6f8e15389737,PATARINI,2025-01-02 23:50:00.000000+00,,,,
Messaggio di prova numero 289,1caabea0-3571-48c1-81d6-816830b3cd75,PATARINI,2025-01-03 00:00:00.000000+00,,,,
Messaggio di prova numero 290,f4751bf5-cdc5-407e-a1c2-ec7da2de337e,PATARINI,2025-01-03 00:10:00.000000+00,,,,
Messaggio di prova numero 291,f7b98e95-bd99-4609-a1a4-6f8e15389737,PATARINI,2025-01-03 00:20:00.000000+00,,,,
Messaggio di prova numero 292,f4751bf5-cdc5-407e-a1c2-ec7da2de337e,PATARINI,2025-01-03 00:30:00.000000+00,,,,
Messaggio di prova numero 293,f7b98e95-bd99-4609-a1a4-6f8e15389737,PATARINI,2025-01-03 00:40:00.000000+00,,,,
Messaggio di prova numero 294,f4751bf5-cdc5-407e-a1c2-ec7da2de337e,PATARINI,2025-01-03 00:50:00.000000+00,,,,
Messaggio di prova numero 295,f98c05e1-df2e-4eb2-815f-39317c57049b,PATARINI,2025-01-03 01:00:00.000000+00,,,,
Messaggio di prova numero 296,f4751bf5-cdc5-407e-a1c2-ec7da2de337e,PATARINI,2025-01-03 01:10:00.000000+00,,,,
Messaggio di prova numero 297,f4751bf5-cdc5-407e-a1c2-ec7da2de337e,PATARINI,2025-01-03 01:20:00.000000+00,,,,
Messaggio di prova numero 298,f98c05e1-df2e-4eb2-815f-39317c57049b,PATARINI,2025-01-03 01:30:00.000000+00,,,,
Messaggio di prova numero 299,f98c05e1-df2e-4eb2-815f-39317c57049b,PATARINI,2025-01-03 01:40:00.000000+00,,,,
Messaggio di prova numero 300,f4751bf5-cdc5-407e-a1c2-ec7da2de337e,PATARINI,2025-01-03 01:50:00.000000+00,,,,
Messaggio di prova numero 301,1caabea0-3571-48c1-81d6-816830b3cd75,PATARINI,2025-01-03 02:00:00.000000+00,,,,
Messaggio di prova numero 302,f7b98e95-bd99-4609-a1a4-6f8e15389737,PATARINI,2025-01-03 02:10:00.000000+00,,,,
Messaggio di prova numero 303,f4751bf5-cdc5-407e-a1c2-ec7da2de337e,PATARINI,2025-01-03 02:20:00.000000+00,,,,
Messaggio di prova numero 304,1caabea0-3571-48c1-81d6-816830b3cd75,PATARINI,2025-01-03 02:30:00.000000+00,,,,
Messaggio di prova numero 305,f4751bf5-cdc5-407e-a1c2-ec7da2de337e,PATARINI,2025-01-03 02:40:00.000000+00,,,,
Messaggio di prova numero 306,1caabea0-3571-48c1-81d6-816830b3cd75,PATARINI,2025-01-03 02:50:00.000000+00,,,,
Messaggio di prova numero 307,f4751bf5-cdc5-407e-a1c2-ec7da2de337e,PATARINI,2025-01-03 03:00:00.000000+00,,,,
Messaggio di prova numero 308,1caabea0-3571-48c1-81d6-816830b3cd75,PATARINI,2025-01-03 03:10:00.000000+00,,,,
Messaggio di prova numero 309,f7b98e95-bd99-4609-a1a4-6f8e15389737,PATARINI,2025-01-03 03:20:00.000000+00,,,,
Messaggio di prova numero 310,1caabea0-3571-48c1-81d6-816830b3cd75,PATARINI,2025-01-03 03:30:00.000000+00,,,,
Messaggio di prova numero 311,f4751bf5-cdc5-407e-a1c2-ec7da2de337e,PATARINI,2025-01-03 03:40:00.000000+00,,,,
Messaggio di prova numero 312,f98c05e1-df2e-4eb2-815f-39317c57049b,PATARINI,2025-01-03 03:50:00.000000+00,,,,
Messaggio di prova numero 313,f98c05e1-df2e-4eb2-815f-39317c57049b,PATARINI,2025-01-03 04:00:00.000000+00,,,,
Messaggio di prova numero 314,f4751bf5-cdc5-407e-a1c2-ec7da2de337e,PATARINI,2025-01-03 04:10:00.000000+00,,,,
Messaggio di prova numero 315,f98c05e1-df2e-4eb2-815f-39317c57049b,PATARINI,2025-01-03 04:20:00.000000+00,,,,
Messaggio di prova numero 316,f98c05e1-df2e-4eb2-815f-39317c57049b,PATARINI,2025-01-03 04:30:00.000000+00,,,,
Messaggio di prova numero 317,f7b98e95-bd99-4609-a1a4-6f8e15389737,PATARINI,2025-01-03 04:40:00.000000+00,,,,
Messaggio di prova numero 318,1caabea0-3571-48c1-81d6-816830b3cd75,PATARINI,2025-01-03 04:50:00.000000+00,,,,
Messaggio di prova numero 319,f98c05e1-df2e-4eb2-815f-39317c57049b,PATARINI,2025-01-03 05:00:00.000000+00,,,,
Messaggio di prova numero 320,f98c05e1-df2e-4eb2-815f-39317c57049b,PATARINI,2025-01-03 05:10:00.000000+00,,,,
Messaggio di prova numero 321,f7b98e95-bd99-4609-a1a4-6f8e15389737,PATARINI,2025-01-03 05:20:00.000000+00,,,,
Messaggio di prova numero 322,1caabea0-3571-48c1-81d6-816830b3cd75,PATARINI,2025-01-03 05:30:00.000000+00,,,,
Messaggio di prova numero 323,f4751bf5-cdc5-407e-a1c2-ec7da2de337e,PATARINI,2025-01-03 05:40:00.000000+00,,,,
Messaggio di prova numero 324,f4751bf5-cdc5-407e-a1c2-ec7da2de337e,PATARINI,2025-01-03 05:50:00.000000+00,,,,
Messaggio di prova numero 325,1caabea0-3571-48c1-81d6-816830b3cd75,PATARINI,2025-01-03 06:00:00.000000+00,,,,
Messaggio di prova numero 326,f4751bf5-cdc5-407e-a1c2-ec7da2de337e,PATARINI,2025-01-03 06:10:00.000000+00,,,,
Messaggio di prova numero 327,f4751bf5-cdc5-407e-a1c2-ec7da2de337e,PATARINI,2025-01-03 06:20:00.000000+00,,,,
Messaggio di prova numero 328,f98c05e1-df2e-4eb2-815f-39317c57049b,PATARINI,2025-01-03 06:30:00.000000+00,,,,
Messaggio di prova numero 329,1caabea0-3571-48c1-81d6-816830b3cd75,PATARINI,2025-01-03 06:40:00.000000+00,,,,
Messaggio di prova numero 330,1caabea0-3571-48c1-81d6-816830b3cd75,PATARINI,2025-01-03 06:50:00.000000+00,,,,
Messaggio di prova numero 331,f98c05e1-df2e-4eb2-815f-39317c57049b,PATARINI,2025-01-03 07:00:00.000000+00,,,,
Messaggio di prova numero 332,f98c05e1-df2e-4eb2-815f-39317c57049b,PATARINI,2025-01-03 07:10:00.000000+00,,,,
Messaggio di prova numero 333,f98c05e1-df2e-4eb2-815f-39317c57049b,PATARINI,2025-01-03 07:20:00.000000+00,,,,
Messaggio di prova numero 334,f7b98e95-bd99-4609-a1a4-6f8e15389737,PATARINI,2025-01-03 07:30:00.000000+00,,,,
Messaggio di prova numero 335,f98c05e1-df2e-4eb2-815f-39317c57049b,PATARINI,2025-01-03 07:40:00.000000+00,,,,
Messaggio di prova numero 336,f98c05e1-df2e-4eb2-815f-39317c57049b,PATARINI,2025-01-03 07:50:00.000000+00,,,,
Messaggio di prova numero 337,f7b98e95-bd99-4609-a1a4-6f8e15389737,PATARINI,2025-01-03 08:00:00.000000+00,,,,
Messaggio di prova numero 338,f4751bf5-cdc5-407e-a1c2-ec7da2de337e,PATARINI,2025-01-03 08:10:00.000000+00,,,,
Messaggio di prova numero 339,f4751bf5-cdc5-407e-a1c2-ec7da2de337e,PATARINI,2025-01-03 08:20:00.000000+00,,,,
Messaggio di prova numero 340,f4751bf5-cdc5-407e-a1c2-ec7da2de337e,PATARINI,2025-01-03 08:30:00.000000+00,,,,
Messaggio di prova numero 341,f4751bf5-cdc5-407e-a1c2-ec7da2de337e,PATARINI,2025-01-03 08:40:00.000000+00,,,,
Messaggio di prova numero 342,1caabea0-3571-48c1-81d6-816830b3cd75,PATARINI,2025-01-03 08:50:00.000000+00,,,,
Messaggio di prova numero 343,1caabea0-3571-48c1-81d6-816830b3cd75,PATARINI,2025-01-03 09:00:00.000000+00,,,,
Messaggio di prova numero 344,f98c05e1-df2e-4eb2-815f-39317c57049b,PATARINI,2025-01-03 09:10:00.000000+00,,,,
Messaggio di prova numero 345,f7b98e95-bd99-4609-a1a4-6f8e15389737,PATARINI,2025-01-03 09:20:00.000000+00,,,,
Messaggio di prova numero 346,f4751bf5-cdc5-407e-a1c2-ec7da2de337e,PATARINI,2025-01-03 09:30:00.000000+00,,,,
Messaggio di prova numero 347,f98c05e1-df2e-4eb2-815f-39317c57049b,PATARINI,2025-01-03 09:40:00.000000+00,,,,
Messaggio di prova numero 348,1caabea0-3571-48c1-81d6-816830b3cd75,PATARINI,2025-01-03 09:50:00.000000+00,,,,
Messaggio di prova numero 349,1caabea0-3571-48c1-81d6-816830b3cd75,PATARINI,2025-01-03 10:00:00.000000+00,,,,
Messaggio di prova numero 350,1caabea0-3571-48c1-81d6-816830b3cd75,PATARINI,2025-01-03 10:10:00.000000+00,,,,
Messaggio di prova numero 351,f7b98e95-bd99-4609-a1a4-6f8e15389737,PATARINI,2025-01-03 10:20:00.000000+00,,,,
Messaggio di prova numero 352,f7b98e95-bd99-4609-a1a4-6f8e15389737,PATARINI,2025-01-03 10:30:00.000000+00,,,,
Messaggio di prova numero 353,1caabea0-3571-48c1-81d6-816830b3cd75,PATARINI,2025-01-03 10:40:00.000000+00,,,,
Messaggio di prova numero 354,1caabea0-3571-48c1-81d6-816830b3cd75,PATARINI,2025-01-03 10:50:00.000000+00,,,,
Messaggio di prova numero 355,f98c05e1-df2e-4eb2-815f-39317c57049b,PATARINI,2025-01-03 11:00:00.000000+00,,,,
Messaggio di prova numero 356,1caabea0-3571-48c1-81d6-816830b3cd75,PATARINI,2025-01-03 11:10:00.000000+00,,,,
Messaggio di prova numero 357,f98c05e1-df2e-4eb2-815f-39317c57049b,PATARINI,2025-01-03 11:20:00.000000+00,,,,
Messaggio di prova numero 358,1caabea0-3571-48c1-81d6-816830b3cd75,PATARINI,2025-01-03 11:30:00.000000+00,,,,
Messaggio di prova numero 359,f4751bf5-cdc5-407e-a1c2-ec7da2de337e,PATARINI,2025-01-03 11:40:00.000000+00,,,,
Messaggio di prova numero 360,f4751bf5-cdc5-407e-a1c2-ec7da2de337e,PATARINI,2025-01-03 11:50:00.000000+00,,,,
Messaggio di prova numero 361,1caabea0-3571-48c1-81d6-816830b3cd75,PATARINI,2025-01-03 12:00:00.000000+00,,,,
Messaggio di prova numero 362,f4751bf5-cdc5-407e-a1c2-ec7da2de337e,PATARINI,2025-01-03 12:10:00.000000+00,,,,
Messaggio di prova numero 363,f7b98e95-bd99-4609-a1a4-6f8e15389737,PATARINI,2025-01-03 12:20:00.000000+00,,,,
Messaggio di prova numero 364,f7b98e95-bd99-4609-a1a4-6f8e15389737,PATARINI,2025-01-03 12:30:00.000000+00,,,,
Messaggio di prova numero 365,f4751bf5-cdc5-407e-a1c2-ec7da2de337e,PATARINI,2025-01-03 12:40:00.000000+00,,,,
Messaggio di prova numero 366,f4751bf5-cdc5-407e-a1c2-ec7da2de337e,PATARINI,2025-01-03 12:50:00.000000+00,,,,
Messaggio di prova numero 367,f98c05e1-df2e-4eb2-815f-39317c57049b,PATARINI,2025-01-03 13:00:00.000000+00,,,,
Messaggio di prova numero 368,f4751bf5-cdc5-407e-a1c2-ec7da2de337e,PATARINI,2025-01-03 13:10:00.000000+00,,,,
Messaggio di prova numero 369,1caabea0-3571-48c1-81d6-816830b3cd75,PATARINI,2025-01-03 13:20:00.000000+00,,,,
Messaggio di prova numero 370,f4751bf5-cdc5-407e-a1c2-ec7da2de337e,PATARINI,2025-01-03 13:30:00.000000+00,,,,
Messaggio di prova numero 371,1caabea0-3571-48c1-81d6-816830b3cd75,PATARINI,2025-01-03 13:40:00.000000+00,,,,
Messaggio di prova numero 372,1caabea0-3571-48c1-81d6-816830b3cd75,PATARINI,2025-01-03 13:50:00.000000+00,,,,
Messaggio di prova numero 373,f7b98e95-bd99-4609-a1a4-6f8e15389737,PATARINI,2025-01-03 14:00:00.000000+00,,,,
Messaggio di prova numero 374,f98c05e1-df2e-4eb2-815f-39317c57049b,PATARINI,2025-01-03 14:10:00.000000+00,,,,
Messaggio di prova numero 375,f98c05e1-df2e-4eb2-815f-39317c57049b,PATARINI,2025-01-03 14:20:00.000000+00,,,,
Messaggio di prova numero 376,f4751bf5-cdc5-407e-a1c2-ec7da2de337e,PATARINI,2025-01-03 14:30:00.000000+00,,,,
Messaggio di prova numero 377,f4751bf5-cdc5-407e-a1c2-ec7da2de337e,PATARINI,2025-01-03 14:40:00.000000+00,,,,
Messaggio di prova numero 378,f98c05e1-df2e-4eb2-815f-39317c57049b,PATARINI,2025-01-03 14:50:00.000000+00,,,,
Messaggio di prova numero 379,f4751bf5-cdc5-407e-a1c2-ec7da2de337e,PATARINI,2025-01-03 15:00:00.000000+00,,,,
Messaggio di prova numero 380,f7b98e95-bd99-4609-a1a4-6f8e15389737,PATARINI,2025-01-03 15:10:00.000000+00,,,,
Messaggio di prova numero 381,f7b98e95-bd99-4609-a1a4-6f8e15389737,PATARINI,2025-01-03 15:20:00.000000+00,,,,
Messaggio di prova numero 382,f7b98e95-bd99-4609-a1a4-6f8e15389737,PATARINI,2025-01-03 15:30:00.000000+00,,,,
Messaggio di prova numero 383,f7b98e95-bd99-4609-a1a4-6f8e15389737,PATARINI,2025-01-03 15:40:00.000000+00,,,,
Messaggio di prova numero 384,f98c05e1-df2e-4eb2-815f-39317c57049b,PATARINI,2025-01-03 15:50:00.000000+00,,,,
Messaggio di prova numero 385,f4751bf5-cdc5-407e-a1c2-ec7da2de337e,PATARINI,2025-01-03 16:00:00.000000+00,,,,
Messaggio di prova numero 386,f4751bf5-cdc5-407e-a1c2-ec7da2de337e,PATARINI,2025-01-03 16:10:00.000000+00,,,,
Messaggio di prova numero 387,f98c05e1-df2e-4eb2-815f-39317c57049b,PATARINI,2025-01-03 16:20:00.000000+00,,,,
Messaggio di prova numero 388,1caabea0-3571-48c1-81d6-816830b3cd75,PATARINI,2025-01-03 16:30:00.000000+00,,,,
Messaggio di prova numero 389,f4751bf5-cdc5-407e-a1c2-ec7da2de337e,PATARINI,2025-01-03 16:40:00.000000+00,,,,
Messaggio di prova numero 390,f7b98e95-bd99-4609-a1a4-6f8e15389737,PATARINI,2025-01-03 16:50:00.000000+00,,,,
Messaggio di prova numero 391,f4751bf5-cdc5-407e-a1c2-ec7da2de337e,PATARINI,2025-01-03 17:00:00.000000+00,,,,
Messaggio di prova numero 392,f7b98e95-bd99-4609-a1a4-6f8e15389737,PATARINI,2025-01-03 17:10:00.000000+00,,,,
Messaggio di prova numero 393,f4751bf5-cdc5-407e-a1c2-ec7da2de337e,PATARINI,2025-01-03 17:20:00.000000+00,,,,
Messaggio di prova numero 394,1caabea0-3571-48c1-81d6-816830b3cd75,PATARINI,2025-01-03 17:30:00.000000+00,,,,
Messaggio di prova numero 395,f7b98e95-bd99-4609-a1a4-6f8e15389737,PATARINI,2025-01-03 17:40:00.000000+00,,,,
Messaggio di prova numero 396,f98c05e1-df2e-4eb2-815f-39317c57049b,PATARINI,2025-01-03 17:50:00.000000+00,,,,
Messaggio di prova numero 397,f4751bf5-cdc5-407e-a1c2-ec7da2de337e,PATARINI,2025-01-03 18:00:00.000000+00,,,,
Messaggio di prova numero 398,f4751bf5-cdc5-407e-a1c2-ec7da2de337e,PATARINI,2025-01-03 18:10:00.000000+00,,,,
Messaggio di prova numero 399,f4751bf5-cdc5-407e-a1c2-ec7da2de337e,PATARINI,2025-01-03 18:20:00.000000+00,,,,
Messaggio di prova numero 400,f7b98e95-bd99-4609-a1a4-6f8e15389737,PATARINI,2025-01-03 18:30:00.000000+00,,,,
Messaggio di prova numero 401,1caabea0-3571-48c1-81d6-816830b3cd75,PATARINI,2025-01-03 18:40:00.000000+00,,,,
Messaggio di prova numero 402,f98c05e1-df2e-4eb2-815f-39317c57049b,PATARINI,2025-01-03 18:50:00.000000+00,,,,
Messaggio di prova numero 403,f4751bf5-cdc5-407e-a1c2-ec7da2de337e,PATARINI,2025-01-03 19:00:00.000000+00,,,,
Messaggio di prova numero 404,1caabea0-3571-48c1-81d6-816830b3cd75,PATARINI,2025-01-03 19:10:00.000000+00,,,,
Messaggio di prova numero 405,f7b98e95-bd99-4609-a1a4-6f8e15389737,PATARINI,2025-01-03 19:20:00.000000+00,,,,
Messaggio di prova numero 406,f7b98e95-bd99-4609-a1a4-6f8e15389737,PATARINI,2025-01-03 19:30:00.000000+00,,,,
Messaggio di prova numero 407,f7b98e95-bd99-4609-a1a4-6f8e15389737,PATARINI,2025-01-03 19:40:00.000000+00,,,,
Messaggio di prova numero 408,f4751bf5-cdc5-407e-a1c2-ec7da2de337e,PATARINI,2025-01-03 19:50:00.000000+00,,,,
Messaggio di prova numero 409,f98c05e1-df2e-4eb2-815f-39317c57049b,PATARINI,2025-01-03 20:00:00.000000+00,,,,
Messaggio di prova numero 410,f4751bf5-cdc5-407e-a1c2-ec7da2de337e,PATARINI,2025-01-03 20:10:00.000000+00,,,,
Messaggio di prova numero 411,f98c05e1-df2e-4eb2-815f-39317c57049b,PATARINI,2025-01-03 20:20:00.000000+00,,,,
Messaggio di prova numero 412,f98c05e1-df2e-4eb2-815f-39317c57049b,PATARINI,2025-01-03 20:30:00.000000+00,,,,
Messaggio di prova numero 413,f98c05e1-df2e-4eb2-815f-39317c57049b,PATARINI,2025-01-03 20:40:00.000000+00,,,,
Messaggio di prova numero 414,1caabea0-3571-48c1-81d6-816830b3cd75,PATARINI,2025-01-03 20:50:00.000000+00,,,,
Messaggio di prova numero 415,f98c05e1-df2e-4eb2-815f-39317c57049b,PATARINI,2025-01-03 21:00:00.000000+00,,,,
Messaggio di prova numero 416,1caabea0-3571-48c1-81d6-816830b3cd75,PATARINI,2025-01-03 21:10:00.000000+00,,,,
Messaggio di prova numero 417,1caabea0-3571-48c1-81d6-816830b3cd75,PATARINI,2025-01-03 21:20:00.000000+00,,,,
Messaggio di prova numero 418,f98c05e1-df2e-4eb2-815f-39317c57049b,PATARINI,2025-01-03 21:30:00.000000+00,,,,
Messaggio di prova numero 419,f7b98e95-bd99-4609-a1a4-6f8e15389737,PATARINI,2025-01-03 21:40:00.000000+00,,,,
Messaggio di prova numero 420,f4751bf5-cdc5-407e-a1c2-ec7da2de337e,PATARINI,2025-01-03 21:50:00.000000+00,,,,
Messaggio di prova numero 421,f98c05e1-df2e-4eb2-815f-39317c57049b,PATARINI,2025-01-03 22:00:00.000000+00,,,,
Messaggio di prova numero 422,1caabea0-3571-48c1-81d6-816830b3cd75,PATARINI,2025-01-03 22:10:00.000000+00,,,,
Messaggio di prova numero 423,1caabea0-3571-48c1-81d6-816830b3cd75,PATARINI,2025-01-03 22:20:00.000000+00,,,,
Messaggio di prova numero 424,f7b98e95-bd99-4609-a1a4-6f8e15389737,PATARINI,2025-01-03 22:30:00.000000+00,,,,
Messaggio di prova numero 425,1caabea0-3571-48c1-81d6-816830b3cd75,PATARINI,2025-01-03 22:40:00.000000+00,,,,
Messaggio di prova numero 426,f7b98e95-bd99-4609-a1a4-6f8e15389737,PATARINI,2025-01-03 22:50:00.000000+00,,,,
Messaggio di prova numero 427,f4751bf5-cdc5-407e-a1c2-ec7da2de337e,PATARINI,2025-01-03 23:00:00.000000+00,,,,
Messaggio di prova numero 428,f7b98e95-bd99-4609-a1a4-6f8e15389737,PATARINI,2025-01-03 23:10:00.000000+00,,,,
Messaggio di prova numero 429,f98c05e1-df2e-4eb2-815f-39317c57049b,PATARINI,2025-01-03 23:20:00.000000+00,,,,
Messaggio di prova numero 430,f4751bf5-cdc5-407e-a1c2-ec7da2de337e,PATARINI,2025-01-03 23:30:00.000000+00,,,,
Messaggio di prova numero 431,f7b98e95-bd99-4609-a1a4-6f8e15389737,PATARINI,2025-01-03 23:40:00.000000+00,,,,
Messaggio di prova numero 432,f7b98e95-bd99-4609-a1a4-6f8e15389737,PATARINI,2025-01-03 23:50:00.000000+00,,,,
Messaggio di prova numero 433,f7b98e95-bd99-4609-a1a4-6f8e15389737,PATARINI,2025-01-04 00:00:00.000000+00,,,,
Messaggio di prova numero 434,f98c05e1-df2e-4eb2-815f-39317c57049b,PATARINI,2025-01-04 00:10:00.000000+00,,,,
Messaggio di prova numero 435,1caabea0-3571-48c1-81d6-816830b3cd75,PATARINI,2025-01-04 00:20:00.000000+00,,,,
Messaggio di prova numero 436,f7b98e95-bd99-4609-a1a4-6f8e15389737,PATARINI,2025-01-04 00:30:00.000000+00,,,,
Messaggio di prova numero 437,1caabea0-3571-48c1-81d6-816830b3cd75,PATARINI,2025-01-04 00:40:00.000000+00,,,,
Messaggio di prova numero 438,f4751bf5-cdc5-407e-a1c2-ec7da2de337e,PATARINI,2025-01-04 00:50:00.000000+00,,,,
Messaggio di prova numero 439,f98c05e1-df2e-4eb2-815f-39317c57049b,PATARINI,2025-01-04 01:00:00.000000+00,,,,
Messaggio di prova numero 440,1caabea0-3571-48c1-81d6-816830b3cd75,PATARINI,2025-01-04 01:10:00.000000+00,,,,
Messaggio di prova numero 441,1caabea0-3571-48c1-81d6-816830b3cd75,PATARINI,2025-01-04 01:20:00.000000+00,,,,
Messaggio di prova numero 442,f7b98e95-bd99-4609-a1a4-6f8e15389737,PATARINI,2025-01-04 01:30:00.000000+00,,,,
Messaggio di prova numero 443,f4751bf5-cdc5-407e-a1c2-ec7da2de337e,PATARINI,2025-01-04 01:40:00.000000+00,,,,
Messaggio di prova numero 444,f7b98e95-bd99-4609-a1a4-6f8e15389737,PATARINI,2025-01-04 01:50:00.000000+00,,,,
Messaggio di prova numero 445,f7b98e95-bd99-4609-a1a4-6f8e15389737,PATARINI,2025-01-04 02:00:00.000000+00,,,,
Messaggio di prova numero 446,1caabea0-3571-48c1-81d6-816830b3cd75,PATARINI,2025-01-04 02:10:00.000000+00,,,,
Messaggio di prova numero 447,f4751bf5-cdc5-407e-a1c2-ec7da2de337e,PATARINI,2025-01-04 02:20:00.000000+00,,,,
Messaggio di prova numero 448,1caabea0-3571-48c1-81d6-816830b3cd75,PATARINI,2025-01-04 02:30:00.000000+00,,,,
Messaggio di prova numero 449,f98c05e1-df2e-4eb2-815f-39317c57049b,PATARINI,2025-01-04 02:40:00.000000+00,,,,
Messaggio di prova numero 450,f7b98e95-bd99-4609-a1a4-6f8e15389737,PATARINI,2025-01-04 02:50:00.000000+00,,,,
Messaggio di prova numero 451,1caabea0-3571-48c1-81d6-816830b3cd75,PATARINI,2025-01-04 03:00:00.000000+00,,,,
Messaggio di prova numero 452,f4751bf5-cdc5-407e-a1c2-ec7da2de337e,PATARINI,2025-01-04 03:10:00.000000+00,,,,
Messaggio di prova numero 453,1caabea0-3571-48c1-81d6-816830b3cd75,PATARINI,2025-01-04 03:20:00.000000+00,,,,
Messaggio di prova numero 454,1caabea0-3571-48c1-81d6-816830b3cd75,PATARINI,2025-01-04 03:30:00.000000+00,,,,
Messaggio di prova numero 455,f7b98e95-bd99-4609-a1a4-6f8e15389737,PATARINI,2025-01-04 03:40:00.000000+00,,,,
Messaggio di prova numero 456,f98c05e1-df2e-4eb2-815f-39317c57049b,PATARINI,2025-01-04 03:50:00.000000+00,,,,
Messaggio di prova numero 457,f4751bf5-cdc5-407e-a1c2-ec7da2de337e,PATARINI,2025-01-04 04:00:00.000000+00,,,,
Messaggio di prova numero 458,f4751bf5-cdc5-407e-a1c2-ec7da2de337e,PATARINI,2025-01-04 04:10:00.000000+00,,,,
Messaggio di prova numero 459,f98c05e1-df2e-4eb2-815f-39317c57049b,PATARINI,2025-01-04 04:20:00.000000+00,,,,
Messaggio di prova numero 460,1caabea0-3571-48c1-81d6-816830b3cd75,PATARINI,2025-01-04 04:30:00.000000+00,,,,
Messaggio di prova numero 461,f98c05e1-df2e-4eb2-815f-39317c57049b,PATARINI,2025-01-04 04:40:00.000000+00,,,,
Messaggio di prova numero 462,f98c05e1-df2e-4eb2-815f-39317c57049b,PATARINI,2025-01-04 04:50:00.000000+00,,,,
Messaggio di prova numero 463,1caabea0-3571-48c1-81d6-816830b3cd75,PATARINI,2025-01-04 05:00:00.000000+00,,,,
Messaggio di prova numero 464,f98c05e1-df2e-4eb2-815f-39317c57049b,PATARINI,2025-01-04 05:10:00.000000+00,,,,
Messaggio di prova numero 465,f7b98e95-bd99-4609-a1a4-6f8e15389737,PATARINI,2025-01-04 05:20:00.000000+00,,,,
Messaggio di prova numero 466,f98c05e1-df2e-4eb2-815f-39317c57049b,PATARINI,2025-01-04 05:30:00.000000+00,,,,
Messaggio di prova numero 467,f4751bf5-cdc5-407e-a1c2-ec7da2de337e,PATARINI,2025-01-04 05:40:00.000000+00,,,,
Messaggio di prova numero 468,f4751bf5-cdc5-407e-a1c2-ec7da2de337e,PATARINI,2025-01-04 05:50:00.000000+00,,,,
Messaggio di prova numero 469,f4751bf5-cdc5-407e-a1c2-ec7da2de337e,PATARINI,2025-01-04 06:00:00.000000+00,,,,
Messaggio di prova numero 470,f98c05e1-df2e-4eb2-815f-39317c57049b,PATARINI,2025-01-04 06:10:00.000000+00,,,,
Messaggio di prova numero 471,1caabea0-3571-48c1-81d6-816830b3cd75,PATARINI,2025-01-04 06:20:00.000000+00,,,,
Messaggio di prova numero 472,f7b98e95-bd99-4609-a1a4-6f8e15389737,PATARINI,2025-01-04 06:30:00.000000+00,,,,
Messaggio di prova numero 473,f4751bf5-cdc5-407e-a1c2-ec7da2de337e,PATARINI,2025-01-04 06:40:00.000000+00,,,,
Messaggio di prova numero 474,f98c05e1-df2e-4eb2-815f-39317c57049b,PATARINI,2025-01-04 06:50:00.000000+00,,,,
Messaggio di prova numero 475,f4751bf5-cdc5-407e-a1c2-ec7da2de337e,PATARINI,2025-01-04 07:00:00.000000+00,,,,
Messaggio di prova numero 476,f7b98e95-bd99-4609-a1a4-6f8e15389737,PATARINI,2025-01-04 07:10:00.000000+00,,,,
Messaggio di prova numero 477,f4751bf5-cdc5-407e-a1c2-ec7da2de337e,PATARINI,2025-01-04 07:20:00.000000+00,,,,
Messaggio di prova numero 478,f98c05e1-df2e-4eb2-815f-39317c57049b,PATARINI,2025-01-04 07:30:00.000000+00,,,,
Messaggio di prova numero 479,f98c05e1-df2e-4eb2-815f-39317c57049b,PATARINI,2025-01-04 07:40:00.000000+00,,,,
Messaggio di prova numero 480,1caabea0-3571-48c1-81d6-816830b3cd75,PATARINI,2025-01-04 07:50:00.000000+00,,,,
Messaggio di prova numero 481,f7b98e95-bd99-4609-a1a4-6f8e15389737,PATARINI,2025-01-04 08:00:00.000000+00,,,,
Messaggio di prova numero 482,f7b98e95-bd99-4609-a1a4-6f8e15389737,PATARINI,2025-01-04 08:10:00.000000+00,,,,
Messaggio di prova numero 483,f4751bf5-cdc5-407e-a1c2-ec7da2de337e,PATARINI,2025-01-04 08:20:00.000000+00,,,,
Messaggio di prova numero 484,1caabea0-3571-48c1-81d6-816830b3cd75,PATARINI,2025-01-04 08:30:00.000000+00,,,,
Messaggio di prova numero 485,1caabea0-3571-48c1-81d6-816830b3cd75,PATARINI,2025-01-04 08:40:00.000000+00,,,,
Messaggio di prova numero 486,f7b98e95-bd99-4609-a1a4-6f8e15389737,PATARINI,2025-01-04 08:50:00.000000+00,,,,
Messaggio di prova numero 487,1caabea0-3571-48c1-81d6-816830b3cd75,PATARINI,2025-01-04 09:00:00.000000+00,,,,
Messaggio di prova numero 488,f4751bf5-cdc5-407e-a1c2-ec7da2de337e,PATARINI,2025-01-04 09:10:00.000000+00,,,,
Messaggio di prova numero 489,f7b98e95-bd99-4609-a1a4-6f8e15389737,PATARINI,2025-01-04 09:20:00.000000+00,,,,
Messaggio di prova numero 490,1caabea0-3571-48c1-81d6-816830b3cd75,PATARINI,2025-01-04 09:30:00.000000+00,,,,
Messaggio di prova numero 491,f4751bf5-cdc5-407e-a1c2-ec7da2de337e,PATARINI,2025-01-04 09:40:00.000000+00,,,,
Messaggio di prova numero 492,1caabea0-3571-48c1-81d6-816830b3cd75,PATARINI,2025-01-04 09:50:00.000000+00,,,,
Messaggio di prova numero 493,f4751bf5-cdc5-407e-a1c2-ec7da2de337e,PATARINI,2025-01-04 10:00:00.000000+00,,,,
Messaggio di prova numero 494,1caabea0-3571-48c1-81d6-816830b3cd75,PATARINI,2025-01-04 10:10:00.000000+00,,,,
Messaggio di prova numero 495,f98c05e1-df2e-4eb2-815f-39317c57049b,PATARINI,2025-01-04 10:20:00.000000+00,,,,
Messaggio di prova numero 496,f4751bf5-cdc5-407e-a1c2-ec7da2de337e,PATARINI,2025-01-04 10:30:00.000000+00,,,,
Messaggio di prova numero 497,f7b98e95-bd99-4609-a1a4-6f8e15389737,PATARINI,2025-01-04 10:40:00.000000+00,,,,
Messaggio di prova numero 498,1caabea0-3571-48c1-81d6-816830b3cd75,PATARINI,2025-01-04 10:50:00.000000+00,,,,
Messaggio di prova numero 499,f7b98e95-bd99-4609-a1a4-6f8e15389737,PATARINI,2025-01-04 11:00:00.000000+00,,,,
Messaggio di prova numero 500,f4751bf5-cdc5-407e-a1c2-ec7da2de337e,PATARINI,2025-01-04 11:10:00.000000+00,,,,
